id,name,workplace_id,wp_param_type_id,code,async,device_address,source,device_type_id,type_id,type_func_id
2,Ст1_НТ3_R_2,1,1,uid=2,,,,,,
3,Ст1_НТ3_R_3,1,1,uid=3,,,,,,
4,Ст1_НТ3_R_4,1,1,uid=4,,,,,,
5,Ст1_НТ3_L_1,1,1,uid=5,,,,,,
6,Ст1_НТ3_L_2,1,1,uid=6,,,,,,
7,Ст1_НТ3_L_3,1,1,uid=7,,,,,,
8,Ст1_НТ3_L_4,1,1,uid=8,,,,,,
9,Ст1_ПВ1_R_1,1,1,uid=9,,,,,,
10,Ст1_ПВ1_R_2,1,1,uid=10,,,,,,
11,Ст1_ПВ1_R_3,1,1,uid=11,,,,,,
12,Ст1_ПВ1_R_4,1,1,uid=12,,,,,,
13,uid=13,1,1,uid=13,,,,,,
14,uid=14,1,1,uid=14,,,,,,
15,uid=15,1,1,uid=15,,,,,,
16,uid=16,1,1,uid=16,,,,,,
17,Ст1_ТС1_,1,1,uid=17,,,,,,
18,Ст1_ТС1_,1,1,uid=18,,,,,,
19,Ст1_ТС1_,1,1,uid=19,,,,,,
20,Ст1_ТС1_,1,1,uid=20,,,,,,
21,Ст1_ТС1_,1,1,uid=21,,,,,,
22,Ст1_ТС1_,1,1,uid=22,,,,,,
23,Ст1_ТС1_,1,1,uid=23,,,,,,
24,Ст1_ТС1_,1,1,uid=24,,,,,,
25,Ст1_ТС1_OnOff,1,1,uid=25,,,,,,
26,Ст1_ТС1_SA1_Y0,1,1,uid=26,,,,,,
27,Ст1_ТС1_SA1_D,1,1,uid=27,,,,,,
28,Ст1_ТС1_SA2_1,1,1,uid=28,,,,,,
29,Ст1_ТС1_SA2_3,1,1,uid=29,,,,,,
30,Ст1_ТС1_SA2_5,1,1,uid=30,,,,,,
31,Ст1_ТС1_SA3_Y0,1,1,uid=31,,,,,,
32,Ст1_ТС1_SA3_Z0,1,1,uid=32,,,,,,
33,Ст1_МП1_,1,1,uid=33,,,,,,
34,uid=34,1,1,uid=34,,,,,,
35,uid=35,1,1,uid=35,,,,,,
36,uid=36,1,1,uid=36,,,,,,
37,uid=37,1,1,uid=37,,,,,,
38,uid=38,1,1,uid=38,,,,,,
39,uid=39,1,1,uid=39,,,,,,
40,uid=40,1,1,uid=40,,,,,,
41,Ст1_НТ3_С_1,1,1,uid=41,,,,,,
42,Ст1_НТ3_С_2,1,1,uid=42,,,,,,
43,Ст1_НТ3_С_3,1,1,uid=43,,,,,,
44,Ст1_НТ3_С_4,1,1,uid=44,,,,,,
45,uid=45,1,1,uid=45,,,,,,
46,uid=46,1,1,uid=46,,,,,,
47,uid=47,1,1,uid=47,,,,,,
48,uid=48,1,1,uid=48,,,,,,
49,Ст1_ИП1.1_Гарм1,1,1,uid=49,,,,,,
50,Ст1_ИП1.1_Гарм2,1,1,uid=50,,,,,,
51,Ст1_ИП1.1_Гарм3,1,1,uid=51,,,,,,
52,Ст1_ИП1.1_Гарм4,1,1,uid=52,,,,,,
53,Ст1_ИП1.1_Гарм5,1,1,uid=53,,,,,,
54,Ст1_ИП1.1_Гарм6,1,1,uid=54,,,,,,
55,Ст1_ИП1.1_Гарм7,1,1,uid=55,,,,,,
56,Ст1_ИП1.1_Гарм8,1,1,uid=56,,,,,,
57,Ст1_ИП1.1_Гарм9,1,1,uid=57,,,,,,
58,Ст1_ИП1.1_Гарм10,1,1,uid=58,,,,,,
59,Ст1_ИП1.1_Гарм11,1,1,uid=59,,,,,,
60,Ст1_ИП1.1_Гарм12,1,1,uid=60,,,,,,
61,Ст1_ИП1.1_Гарм13,1,1,uid=61,,,,,,
62,Ст1_ИП1.1_Гарм14,1,1,uid=62,,,,,,
63,Ст1_ИП1.1_Гарм15,1,1,uid=63,,,,,,
64,Ст1_ИП1.1_Гарм16,1,1,uid=64,,,,,,
65,Ст1_ИП1.1_Гарм17,1,1,uid=65,,,,,,
66,Ст1_ИП1.1_Гарм18,1,1,uid=66,,,,,,
67,Ст1_ИП1.1_Гарм19,1,1,uid=67,,,,,,
68,Ст1_ИП1.1_Гарм20,1,1,uid=68,,,,,,
69,Ст1_ИП1.1_Гарм21,1,1,uid=69,,,,,,
70,Ст1_ИП1.1_Гарм22,1,1,uid=70,,,,,,
71,Ст1_ИП1.1_Гарм23,1,1,uid=71,,,,,,
72,Ст1_ИП1.1_Гарм24,1,1,uid=72,,,,,,
73,Ст1_ИП1.1_Гарм25,1,1,uid=73,,,,,,
74,Ст1_ИП1.1_Гарм26,1,1,uid=74,,,,,,
75,Ст1_ИП1.1_Гарм27,1,1,uid=75,,,,,,
76,Ст1_ИП1.1_Гарм28,1,1,uid=76,,,,,,
77,Ст1_ИП1.1_Гарм29,1,1,uid=77,,,,,,
78,Ст1_ИП1.1_Гарм30,1,1,uid=78,,,,,,
79,Ст1_ИП1.1_Гарм31,1,1,uid=79,,,,,,
80,Ст1_ИП1.1_Гарм32,1,1,uid=80,,,,,,
81,Ст1_ИП1.1_Гарм33,1,1,uid=81,,,,,,
82,Ст1_ИП1.1_Гарм34,1,1,uid=82,,,,,,
83,Ст1_ИП1.1_Гарм35,1,1,uid=83,,,,,,
84,Ст1_ИП1.1_Гарм36,1,1,uid=84,,,,,,
85,Ст1_ИП1.1_Гарм37,1,1,uid=85,,,,,,
86,Ст1_ИП1.1_Гарм38,1,1,uid=86,,,,,,
87,Ст1_ИП1.1_Гарм39,1,1,uid=87,,,,,,
88,Ст1_ИП1.1_Гарм40,1,1,uid=88,,,,,,
89,uid=89,1,1,uid=89,,,,,,
90,uid=90,1,1,uid=90,,,,,,
91,uid=91,1,1,uid=91,,,,,,
92,uid=92,1,1,uid=92,,,,,,
93,uid=93,1,1,uid=93,,,,,,
94,uid=94,1,1,uid=94,,,,,,
95,uid=95,1,1,uid=95,,,,,,
96,uid=96,1,1,uid=96,,,,,,
97,uid=97,1,1,uid=97,,,,,,
98,uid=98,1,1,uid=98,,,,,,
99,uid=99,1,1,uid=99,,,,,,
100,uid=100,1,1,uid=100,,,,,,
101,uid=101,1,1,uid=101,,,,,,
102,uid=102,1,1,uid=102,,,,,,
103,uid=103,1,1,uid=103,,,,,,
104,uid=104,1,1,uid=104,,,,,,
105,uid=105,1,1,uid=105,,,,,,
106,uid=106,1,1,uid=106,,,,,,
107,uid=107,1,1,uid=107,,,,,,
108,uid=108,1,1,uid=108,,,,,,
109,uid=109,1,1,uid=109,,,,,,
110,uid=110,1,1,uid=110,,,,,,
111,uid=111,1,1,uid=111,,,,,,
112,uid=112,1,1,uid=112,,,,,,
113,uid=113,1,1,uid=113,,,,,,
114,uid=114,1,1,uid=114,,,,,,
115,uid=115,1,1,uid=115,,,,,,
116,uid=116,1,1,uid=116,,,,,,
117,uid=117,1,1,uid=117,,,,,,
118,uid=118,1,1,uid=118,,,,,,
119,uid=119,1,1,uid=119,,,,,,
120,uid=120,1,1,uid=120,,,,,,
121,uid=121,1,1,uid=121,,,,,,
122,uid=122,1,1,uid=122,,,,,,
123,uid=123,1,1,uid=123,,,,,,
124,uid=124,1,1,uid=124,,,,,,
125,uid=125,1,1,uid=125,,,,,,
126,uid=126,1,1,uid=126,,,,,,
127,uid=127,1,1,uid=127,,,,,,
128,uid=128,1,1,uid=128,,,,,,
129,uid=129,1,1,uid=129,,,,,,
130,uid=130,1,1,uid=130,,,,,,
131,uid=131,1,1,uid=131,,,,,,
132,uid=132,1,1,uid=132,,,,,,
133,uid=133,1,1,uid=133,,,,,,
134,uid=134,1,1,uid=134,,,,,,
135,uid=135,1,1,uid=135,,,,,,
136,uid=136,1,1,uid=136,,,,,,
137,uid=137,1,1,uid=137,,,,,,
138,uid=138,1,1,uid=138,,,,,,
139,uid=139,1,1,uid=139,,,,,,
140,uid=140,1,1,uid=140,,,,,,
141,uid=141,1,1,uid=141,,,,,,
142,uid=142,1,1,uid=142,,,,,,
143,uid=143,1,1,uid=143,,,,,,
144,uid=144,1,1,uid=144,,,,,,
145,uid=145,1,1,uid=145,,,,,,
146,uid=146,1,1,uid=146,,,,,,
147,uid=147,1,1,uid=147,,,,,,
148,uid=148,1,1,uid=148,,,,,,
149,uid=149,1,1,uid=149,,,,,,
150,uid=150,1,1,uid=150,,,,,,
151,uid=151,1,1,uid=151,,,,,,
152,uid=152,1,1,uid=152,,,,,,
153,uid=153,1,1,uid=153,,,,,,
154,uid=154,1,1,uid=154,,,,,,
155,uid=155,1,1,uid=155,,,,,,
156,uid=156,1,1,uid=156,,,,,,
157,uid=157,1,1,uid=157,,,,,,
158,uid=158,1,1,uid=158,,,,,,
159,uid=159,1,1,uid=159,,,,,,
160,uid=160,1,1,uid=160,,,,,,
161,uid=161,1,1,uid=161,,,,,,
162,uid=162,1,1,uid=162,,,,,,
163,uid=163,1,1,uid=163,,,,,,
164,uid=164,1,1,uid=164,,,,,,
165,uid=165,1,1,uid=165,,,,,,
166,uid=166,1,1,uid=166,,,,,,
167,uid=167,1,1,uid=167,,,,,,
168,uid=168,1,1,uid=168,,,,,,
169,uid=169,1,1,uid=169,,,,,,
170,uid=170,1,1,uid=170,,,,,,
171,uid=171,1,1,uid=171,,,,,,
172,uid=172,1,1,uid=172,,,,,,
173,uid=173,1,1,uid=173,,,,,,
174,uid=174,1,1,uid=174,,,,,,
175,uid=175,1,1,uid=175,,,,,,
176,uid=176,1,1,uid=176,,,,,,
177,uid=177,1,1,uid=177,,,,,,
178,uid=178,1,1,uid=178,,,,,,
179,uid=179,1,1,uid=179,,,,,,
180,uid=180,1,1,uid=180,,,,,,
181,uid=181,1,1,uid=181,,,,,,
182,uid=182,1,1,uid=182,,,,,,
183,uid=183,1,1,uid=183,,,,,,
184,uid=184,1,1,uid=184,,,,,,
185,uid=185,1,1,uid=185,,,,,,
186,uid=186,1,1,uid=186,,,,,,
187,uid=187,1,1,uid=187,,,,,,
188,uid=188,1,1,uid=188,,,,,,
189,uid=189,1,1,uid=189,,,,,,
190,uid=190,1,1,uid=190,,,,,,
191,uid=191,1,1,uid=191,,,,,,
192,uid=192,1,1,uid=192,,,,,,
193,uid=193,1,1,uid=193,,,,,,
194,uid=194,1,1,uid=194,,,,,,
195,uid=195,1,1,uid=195,,,,,,
196,uid=196,1,1,uid=196,,,,,,
197,uid=197,1,1,uid=197,,,,,,
198,uid=198,1,1,uid=198,,,,,,
199,uid=199,1,1,uid=199,,,,,,
200,uid=200,1,1,uid=200,,,,,,
201,uid=201,1,1,uid=201,,,,,,
202,uid=202,1,1,uid=202,,,,,,
203,uid=203,1,1,uid=203,,,,,,
204,uid=204,1,1,uid=204,,,,,,
205,uid=205,1,1,uid=205,,,,,,
206,uid=206,1,1,uid=206,,,,,,
207,uid=207,1,1,uid=207,,,,,,
208,uid=208,1,1,uid=208,,,,,,
209,uid=209,1,1,uid=209,,,,,,
210,uid=210,1,1,uid=210,,,,,,
211,uid=211,1,1,uid=211,,,,,,
212,uid=212,1,1,uid=212,,,,,,
213,uid=213,1,1,uid=213,,,,,,
214,uid=214,1,1,uid=214,,,,,,
215,uid=215,1,1,uid=215,,,,,,
216,uid=216,1,1,uid=216,,,,,,
217,uid=217,1,1,uid=217,,,,,,
218,uid=218,1,1,uid=218,,,,,,
219,uid=219,1,1,uid=219,,,,,,
220,uid=220,1,1,uid=220,,,,,,
221,uid=221,1,1,uid=221,,,,,,
222,uid=222,1,1,uid=222,,,,,,
223,uid=223,1,1,uid=223,,,,,,
224,uid=224,1,1,uid=224,,,,,,
225,uid=225,1,1,uid=225,,,,,,
226,uid=226,1,1,uid=226,,,,,,
227,uid=227,1,1,uid=227,,,,,,
228,uid=228,1,1,uid=228,,,,,,
229,uid=229,1,1,uid=229,,,,,,
230,uid=230,1,1,uid=230,,,,,,
231,uid=231,1,1,uid=231,,,,,,
232,uid=232,1,1,uid=232,,,,,,
233,uid=233,1,1,uid=233,,,,,,
234,uid=234,1,1,uid=234,,,,,,
235,uid=235,1,1,uid=235,,,,,,
236,uid=236,1,1,uid=236,,,,,,
237,uid=237,1,1,uid=237,,,,,,
238,uid=238,1,1,uid=238,,,,,,
239,uid=239,1,1,uid=239,,,,,,
240,uid=240,1,1,uid=240,,,,,,
241,uid=241,1,1,uid=241,,,,,,
242,uid=242,1,1,uid=242,,,,,,
243,uid=243,1,1,uid=243,,,,,,
244,uid=244,1,1,uid=244,,,,,,
245,uid=245,1,1,uid=245,,,,,,
246,uid=246,1,1,uid=246,,,,,,
247,uid=247,1,1,uid=247,,,,,,
248,uid=248,1,1,uid=248,,,,,,
249,uid=249,1,1,uid=249,,,,,,
250,uid=250,1,1,uid=250,,,,,,
251,uid=251,1,1,uid=251,,,,,,
252,uid=252,1,1,uid=252,,,,,,
253,uid=253,1,1,uid=253,,,,,,
254,uid=254,1,1,uid=254,,,,,,
255,uid=255,1,1,uid=255,,,,,,
256,uid=256,1,1,uid=256,,,,,,
257,uid=257,1,1,uid=257,,,,,,
258,uid=258,1,1,uid=258,,,,,,
259,uid=259,1,1,uid=259,,,,,,
260,uid=260,1,1,uid=260,,,,,,
261,uid=261,1,1,uid=261,,,,,,
262,uid=262,1,1,uid=262,,,,,,
263,uid=263,1,1,uid=263,,,,,,
264,uid=264,1,1,uid=264,,,,,,
265,uid=265,1,1,uid=265,,,,,,
266,uid=266,1,1,uid=266,,,,,,
267,uid=267,1,1,uid=267,,,,,,
268,uid=268,1,1,uid=268,,,,,,
269,uid=269,1,1,uid=269,,,,,,
270,uid=270,1,1,uid=270,,,,,,
271,uid=271,1,1,uid=271,,,,,,
272,uid=272,1,1,uid=272,,,,,,
273,uid=273,1,1,uid=273,,,,,,
274,uid=274,1,1,uid=274,,,,,,
275,uid=275,1,1,uid=275,,,,,,
276,uid=276,1,1,uid=276,,,,,,
277,uid=277,1,1,uid=277,,,,,,
278,uid=278,1,1,uid=278,,,,,,
279,uid=279,1,1,uid=279,,,,,,
280,uid=280,1,1,uid=280,,,,,,
281,uid=281,1,1,uid=281,,,,,,
282,uid=282,1,1,uid=282,,,,,,
283,uid=283,1,1,uid=283,,,,,,
284,uid=284,1,1,uid=284,,,,,,
285,uid=285,1,1,uid=285,,,,,,
286,uid=286,1,1,uid=286,,,,,,
287,uid=287,1,1,uid=287,,,,,,
288,uid=288,1,1,uid=288,,,,,,
289,uid=289,1,1,uid=289,,,,,,
290,uid=290,1,1,uid=290,,,,,,
291,uid=291,1,1,uid=291,,,,,,
292,uid=292,1,1,uid=292,,,,,,
293,uid=293,1,1,uid=293,,,,,,
294,uid=294,1,1,uid=294,,,,,,
295,uid=295,1,1,uid=295,,,,,,
296,uid=296,1,1,uid=296,,,,,,
297,uid=297,1,1,uid=297,,,,,,
298,uid=298,1,1,uid=298,,,,,,
299,Ст1_ИП2_x1-x2,1,1,uid=299,,,,,,
300,Ст1_ПЧ1_On-Off,1,1,uid=300,,,,,,
301,Ст1_ИП2_x1-x2_graph,1,1,uid=301,,,,,,
302,uid=302,1,1,uid=302,,,,,,
303,uid=303,1,1,uid=303,,,,,,
304,uid=304,1,1,uid=304,,,,,,
305,uid=305,1,1,uid=305,,,,,,
306,uid=306,1,1,uid=306,,,,,,
307,uid=307,1,1,uid=307,,,,,,
308,uid=308,1,1,uid=308,,,,,,
309,uid=309,1,1,uid=309,,,,,,
310,uid=310,1,1,uid=310,,,,,,
311,uid=311,1,1,uid=311,,,,,,
312,uid=312,1,1,uid=312,,,,,,
313,uid=313,1,1,uid=313,,,,,,
314,uid=314,1,1,uid=314,,,,,,
315,uid=315,1,1,uid=315,,,,,,
316,uid=316,1,1,uid=316,,,,,,
317,uid=317,1,1,uid=317,,,,,,
318,uid=318,1,1,uid=318,,,,,,
319,Ст2_ТС2_,2,1,uid=319,,,,,,
320,Ст2_ТС2_,2,1,uid=320,,,,,,
321,Ст2_ТС2_,2,1,uid=321,,,,,,
322,Ст2_ТС2_,2,1,uid=322,,,,,,
323,Ст2_ТС2_,2,1,uid=323,,,,,,
324,Ст2_ТС2_,2,1,uid=324,,,,,,
325,Ст2_ТС2_,2,1,uid=325,,,,,,
326,Ст2_ТС2_,2,1,uid=326,,,,,,
327,Ст2_ТС2_,2,1,uid=327,,,,,,
328,Ст2_ТС2_,2,1,uid=328,,,,,,
329,Ст2_ТС2_,2,1,uid=329,,,,,,
330,Ст2_ТС2_,2,1,uid=330,,,,,,
331,uid=331,2,1,uid=331,,,,,,
332,uid=332,2,1,uid=332,,,,,,
333,uid=333,2,1,uid=333,,,,,,
334,uid=334,2,1,uid=334,,,,,,
335,Ст2_ШС2_Q1,2,1,uid=335,,,,,,
336,Ст2_ШС2_Q2,2,1,uid=336,,,,,,
337,Ст2_ШС2_Q3,2,1,uid=337,,,,,,
338,Ст2_ШС2_Q4,2,1,uid=338,,,,,,
339,Ст2_ШС2_Q7,2,1,uid=339,,,,,,
340,Ст2_ШС2_Q6,2,1,uid=340,,,,,,
341,Ст2_ШС2_Q8,2,1,uid=341,,,,,,
342,Ст2_ШС2_Q9,2,1,uid=342,,,,,,
343,Ст2_ШС2_Q5,2,1,uid=343,,,,,,
344,Ст2_ШС2_Q10,2,1,uid=344,,,,,,
345,Ст2_ШС2_x45x46,2,1,uid=345,,,,,,
346,uid=346,2,1,uid=346,,,,,,
347,uid=347,2,1,uid=347,,,,,,
348,uid=348,2,1,uid=348,,,,,,
349,uid=349,2,1,uid=349,,,,,,
350,uid=350,2,1,uid=350,,,,,,
351,Ст2_РР_1,2,1,uid=351,,,,,,
352,Ст2_РР_2,2,1,uid=352,,,,,,
353,Ст2_РР_3,2,1,uid=353,,,,,,
354,Ст2_РР_4,2,1,uid=354,,,,,,
355,uid=355,2,1,uid=355,,,,,,
356,uid=356,2,1,uid=356,,,,,,
357,uid=357,2,1,uid=357,,,,,,
358,uid=358,2,1,uid=358,,,,,,
359,uid=359,2,1,uid=359,,,,,,
360,uid=360,2,1,uid=360,,,,,,
361,uid=361,2,1,uid=361,,,,,,
362,uid=362,2,1,uid=362,,,,,,
363,uid=363,2,1,uid=363,,,,,,
364,uid=364,2,1,uid=364,,,,,,
365,uid=365,2,1,uid=365,,,,,,
366,uid=366,2,1,uid=366,,,,,,
367,uid=367,2,1,uid=367,,,,,,
368,uid=368,2,1,uid=368,,,,,,
369,uid=369,2,1,uid=369,,,,,,
370,uid=370,2,1,uid=370,,,,,,
371,uid=371,2,1,uid=371,,,,,,
372,uid=372,2,1,uid=372,,,,,,
373,uid=373,2,1,uid=373,,,,,,
374,uid=374,2,1,uid=374,,,,,,
375,uid=375,2,1,uid=375,,,,,,
376,uid=376,2,1,uid=376,,,,,,
377,uid=377,2,1,uid=377,,,,,,
378,uid=378,2,1,uid=378,,,,,,
379,uid=379,2,1,uid=379,,,,,,
380,uid=380,2,1,uid=380,,,,,,
381,uid=381,2,1,uid=381,,,,,,
382,uid=382,2,1,uid=382,,,,,,
383,uid=383,2,1,uid=383,,,,,,
384,uid=384,2,1,uid=384,,,,,,
385,uid=385,2,1,uid=385,,,,,,
386,uid=386,2,1,uid=386,,,,,,
387,uid=387,2,1,uid=387,,,,,,
388,uid=388,2,1,uid=388,,,,,,
389,uid=389,2,1,uid=389,,,,,,
390,uid=390,2,1,uid=390,,,,,,
391,uid=391,2,1,uid=391,,,,,,
392,uid=392,2,1,uid=392,,,,,,
393,uid=393,2,1,uid=393,,,,,,
394,uid=394,2,1,uid=394,,,,,,
395,uid=395,2,1,uid=395,,,,,,
396,uid=396,2,1,uid=396,,,,,,
397,uid=397,2,1,uid=397,,,,,,
398,uid=398,2,1,uid=398,,,,,,
399,uid=399,2,1,uid=399,,,,,,
400,uid=400,2,1,uid=400,,,,,,
401,uid=401,2,1,uid=401,,,,,,
402,uid=402,2,1,uid=402,,,,,,
403,uid=403,2,1,uid=403,,,,,,
404,uid=404,2,1,uid=404,,,,,,
405,uid=405,2,1,uid=405,,,,,,
406,uid=406,2,1,uid=406,,,,,,
407,uid=407,2,1,uid=407,,,,,,
408,uid=408,2,1,uid=408,,,,,,
409,uid=409,2,1,uid=409,,,,,,
410,uid=410,2,1,uid=410,,,,,,
411,uid=411,2,1,uid=411,,,,,,
412,uid=412,2,1,uid=412,,,,,,
413,uid=413,2,1,uid=413,,,,,,
414,uid=414,2,1,uid=414,,,,,,
415,uid=415,2,1,uid=415,,,,,,
416,uid=416,2,1,uid=416,,,,,,
417,uid=417,2,1,uid=417,,,,,,
418,uid=418,2,1,uid=418,,,,,,
419,uid=419,2,1,uid=419,,,,,,
420,uid=420,2,1,uid=420,,,,,,
421,uid=421,2,1,uid=421,,,,,,
422,uid=422,2,1,uid=422,,,,,,
423,uid=423,2,1,uid=423,,,,,,
424,uid=424,2,1,uid=424,,,,,,
425,uid=425,2,1,uid=425,,,,,,
426,uid=426,2,1,uid=426,,,,,,
427,uid=427,2,1,uid=427,,,,,,
428,uid=428,2,1,uid=428,,,,,,
429,uid=429,2,1,uid=429,,,,,,
430,uid=430,2,1,uid=430,,,,,,
431,uid=431,2,1,uid=431,,,,,,
432,uid=432,2,1,uid=432,,,,,,
433,uid=433,2,1,uid=433,,,,,,
434,uid=434,2,1,uid=434,,,,,,
435,uid=435,2,1,uid=435,,,,,,
436,uid=436,2,1,uid=436,,,,,,
437,uid=437,2,1,uid=437,,,,,,
438,uid=438,2,1,uid=438,,,,,,
439,uid=439,2,1,uid=439,,,,,,
440,uid=440,2,1,uid=440,,,,,,
441,uid=441,2,1,uid=441,,,,,,
442,uid=442,2,1,uid=442,,,,,,
443,uid=443,2,1,uid=443,,,,,,
444,uid=444,2,1,uid=444,,,,,,
445,uid=445,2,1,uid=445,,,,,,
446,uid=446,2,1,uid=446,,,,,,
447,uid=447,2,1,uid=447,,,,,,
448,uid=448,2,1,uid=448,,,,,,
449,uid=449,2,1,uid=449,,,,,,
450,uid=450,2,1,uid=450,,,,,,
451,uid=451,2,1,uid=451,,,,,,
452,uid=452,2,1,uid=452,,,,,,
453,uid=453,2,1,uid=453,,,,,,
454,uid=454,2,1,uid=454,,,,,,
455,uid=455,2,1,uid=455,,,,,,
456,uid=456,2,1,uid=456,,,,,,
457,uid=457,2,1,uid=457,,,,,,
458,uid=458,2,1,uid=458,,,,,,
459,uid=459,2,1,uid=459,,,,,,
460,uid=460,2,1,uid=460,,,,,,
461,uid=461,2,1,uid=461,,,,,,
462,uid=462,2,1,uid=462,,,,,,
463,uid=463,2,1,uid=463,,,,,,
464,uid=464,2,1,uid=464,,,,,,
465,uid=465,2,1,uid=465,,,,,,
466,uid=466,2,1,uid=466,,,,,,
467,uid=467,2,1,uid=467,,,,,,
468,uid=468,2,1,uid=468,,,,,,
469,uid=469,2,1,uid=469,,,,,,
470,uid=470,2,1,uid=470,,,,,,
471,uid=471,2,1,uid=471,,,,,,
472,uid=472,2,1,uid=472,,,,,,
473,uid=473,2,1,uid=473,,,,,,
474,uid=474,2,1,uid=474,,,,,,
475,uid=475,2,1,uid=475,,,,,,
476,uid=476,2,1,uid=476,,,,,,
477,uid=477,2,1,uid=477,,,,,,
478,uid=478,2,1,uid=478,,,,,,
479,x12-13,2,1,uid=479,,,,,,
480,uid=480,2,1,uid=480,,,,,,
481,uid=481,2,1,uid=481,,,,,,
482,uid=482,2,1,uid=482,,,,,,
483,x14-x15,2,1,uid=483,,,,,,
484,uid=484,2,1,uid=484,,,,,,
485,uid=485,2,1,uid=485,,,,,,
486,uid=486,2,1,uid=486,,,,,,
487,uid=487,2,1,uid=487,,,,,,
488,uid=488,2,1,uid=488,,,,,,
489,uid=489,2,1,uid=489,,,,,,
490,uid=490,2,1,uid=490,,,,,,
491,uid=491,2,1,uid=491,,,,,,
492,uid=492,2,1,uid=492,,,,,,
493,uid=493,2,1,uid=493,,,,,,
494,uid=494,2,1,uid=494,,,,,,
495,uid=495,2,1,uid=495,,,,,,
496,uid=496,2,1,uid=496,,,,,,
497,uid=497,2,1,uid=497,,,,,,
498,uid=498,2,1,uid=498,,,,,,
499,uid=499,3,1,uid=499,,,,,,
500,uid=500,3,1,uid=500,,,,,,
501,uid=501,3,1,uid=501,,,,,,
502,uid=502,3,1,uid=502,,,,,,
503,uid=503,3,1,uid=503,,,,,,
504,uid=504,3,1,uid=504,,,,,,
505,uid=505,3,1,uid=505,,,,,,
506,uid=506,3,1,uid=506,,,,,,
507,uid=507,3,1,uid=507,,,,,,
508,uid=508,3,1,uid=508,,,,,,
509,uid=509,3,1,uid=509,,,,,,
510,uid=510,3,1,uid=510,,,,,,
511,uid=511,3,1,uid=511,,,,,,
512,uid=512,3,1,uid=512,,,,,,
513,uid=513,3,1,uid=513,,,,,,
514,uid=514,3,1,uid=514,,,,,,
515,uid=515,3,1,uid=515,,,,,,
516,uid=516,3,1,uid=516,,,,,,
517,uid=517,3,1,uid=517,,,,,,
518,uid=518,3,1,uid=518,,,,,,
519,uid=519,3,1,uid=519,,,,,,
520,uid=520,3,1,uid=520,,,,,,
521,uid=521,3,1,uid=521,,,,,,
522,uid=522,3,1,uid=522,,,,,,
523,uid=523,3,1,uid=523,,,,,,
524,uid=524,3,1,uid=524,,,,,,
525,uid=525,3,1,uid=525,,,,,,
526,uid=526,3,1,uid=526,,,,,,
527,uid=527,3,1,uid=527,,,,,,
528,uid=528,3,1,uid=528,,,,,,
529,uid=529,3,1,uid=529,,,,,,
530,uid=530,3,1,uid=530,,,,,,
531,uid=531,3,1,uid=531,,,,,,
532,uid=532,3,1,uid=532,,,,,,
533,uid=533,3,1,uid=533,,,,,,
534,uid=534,3,1,uid=534,,,,,,
535,uid=535,3,1,uid=535,,,,,,
536,uid=536,3,1,uid=536,,,,,,
537,uid=537,3,1,uid=537,,,,,,
538,uid=538,3,1,uid=538,,,,,,
539,uid=539,3,1,uid=539,,,,,,
540,uid=540,3,1,uid=540,,,,,,
541,uid=541,3,1,uid=541,,,,,,
542,uid=542,3,1,uid=542,,,,,,
543,uid=543,3,1,uid=543,,,,,,
544,uid=544,3,1,uid=544,,,,,,
545,uid=545,3,1,uid=545,,,,,,
546,uid=546,3,1,uid=546,,,,,,
547,uid=547,3,1,uid=547,,,,,,
548,uid=548,3,1,uid=548,,,,,,
549,uid=549,3,1,uid=549,,,,,,
550,uid=550,3,1,uid=550,,,,,,
551,uid=551,3,1,uid=551,,,,,,
552,uid=552,3,1,uid=552,,,,,,
553,uid=553,3,1,uid=553,,,,,,
554,uid=554,3,1,uid=554,,,,,,
555,uid=555,3,1,uid=555,,,,,,
556,uid=556,3,1,uid=556,,,,,,
557,uid=557,3,1,uid=557,,,,,,
558,uid=558,3,1,uid=558,,,,,,
559,uid=559,3,1,uid=559,,,,,,
560,uid=560,3,1,uid=560,,,,,,
561,uid=561,3,1,uid=561,,,,,,
562,uid=562,3,1,uid=562,,,,,,
563,uid=563,3,1,uid=563,,,,,,
564,uid=564,3,1,uid=564,,,,,,
565,uid=565,3,1,uid=565,,,,,,
566,uid=566,3,1,uid=566,,,,,,
567,uid=567,3,1,uid=567,,,,,,
568,uid=568,3,1,uid=568,,,,,,
569,uid=569,3,1,uid=569,,,,,,
570,uid=570,3,1,uid=570,,,,,,
571,uid=571,3,1,uid=571,,,,,,
572,uid=572,3,1,uid=572,,,,,,
573,uid=573,3,1,uid=573,,,,,,
574,uid=574,3,1,uid=574,,,,,,
575,uid=575,3,1,uid=575,,,,,,
576,uid=576,3,1,uid=576,,,,,,
577,uid=577,3,1,uid=577,,,,,,
578,uid=578,3,1,uid=578,,,,,,
579,uid=579,3,1,uid=579,,,,,,
580,uid=580,3,1,uid=580,,,,,,
581,uid=581,3,1,uid=581,,,,,,
582,uid=582,3,1,uid=582,,,,,,
583,uid=583,3,1,uid=583,,,,,,
584,uid=584,3,1,uid=584,,,,,,
585,uid=585,3,1,uid=585,,,,,,
586,uid=586,3,1,uid=586,,,,,,
587,uid=587,3,1,uid=587,,,,,,
588,uid=588,3,1,uid=588,,,,,,
589,uid=589,3,1,uid=589,,,,,,
590,uid=590,3,1,uid=590,,,,,,
591,uid=591,3,1,uid=591,,,,,,
592,uid=592,3,1,uid=592,,,,,,
593,uid=593,3,1,uid=593,,,,,,
594,uid=594,3,1,uid=594,,,,,,
595,uid=595,3,1,uid=595,,,,,,
596,uid=596,3,1,uid=596,,,,,,
597,uid=597,3,1,uid=597,,,,,,
598,uid=598,3,1,uid=598,,,,,,
599,uid=599,3,1,uid=599,,,,,,
600,uid=600,3,1,uid=600,,,,,,
601,uid=601,3,1,uid=601,,,,,,
602,uid=602,3,1,uid=602,,,,,,
603,uid=603,3,1,uid=603,,,,,,
604,uid=604,3,1,uid=604,,,,,,
605,uid=605,3,1,uid=605,,,,,,
606,uid=606,3,1,uid=606,,,,,,
607,uid=607,3,1,uid=607,,,,,,
608,uid=608,3,1,uid=608,,,,,,
609,uid=609,3,1,uid=609,,,,,,
610,uid=610,3,1,uid=610,,,,,,
611,uid=611,3,1,uid=611,,,,,,
612,uid=612,3,1,uid=612,,,,,,
613,uid=613,3,1,uid=613,,,,,,
614,uid=614,3,1,uid=614,,,,,,
615,uid=615,3,1,uid=615,,,,,,
616,uid=616,3,1,uid=616,,,,,,
617,uid=617,3,1,uid=617,,,,,,
618,uid=618,3,1,uid=618,,,,,,
619,uid=619,3,1,uid=619,,,,,,
620,uid=620,3,1,uid=620,,,,,,
621,uid=621,3,1,uid=621,,,,,,
622,uid=622,3,1,uid=622,,,,,,
623,uid=623,3,1,uid=623,,,,,,
624,uid=624,3,1,uid=624,,,,,,
625,uid=625,3,1,uid=625,,,,,,
626,uid=626,3,1,uid=626,,,,,,
627,uid=627,3,1,uid=627,,,,,,
628,uid=628,3,1,uid=628,,,,,,
629,uid=629,3,1,uid=629,,,,,,
630,uid=630,3,1,uid=630,,,,,,
631,uid=631,3,1,uid=631,,,,,,
632,uid=632,3,1,uid=632,,,,,,
633,uid=633,3,1,uid=633,,,,,,
634,uid=634,3,1,uid=634,,,,,,
635,uid=635,3,1,uid=635,,,,,,
636,uid=636,3,1,uid=636,,,,,,
637,uid=637,3,1,uid=637,,,,,,
638,uid=638,3,1,uid=638,,,,,,
639,uid=639,3,1,uid=639,,,,,,
640,uid=640,3,1,uid=640,,,,,,
641,uid=641,3,1,uid=641,,,,,,
642,uid=642,3,1,uid=642,,,,,,
643,uid=643,3,1,uid=643,,,,,,
644,uid=644,3,1,uid=644,,,,,,
645,uid=645,3,1,uid=645,,,,,,
646,uid=646,3,1,uid=646,,,,,,
647,uid=647,3,1,uid=647,,,,,,
648,uid=648,3,1,uid=648,,,,,,
649,uid=649,3,1,uid=649,,,,,,
650,uid=650,3,1,uid=650,,,,,,
651,uid=651,3,1,uid=651,,,,,,
652,uid=652,3,1,uid=652,,,,,,
653,uid=653,3,1,uid=653,,,,,,
654,uid=654,3,1,uid=654,,,,,,
655,uid=655,3,1,uid=655,,,,,,
656,uid=656,3,1,uid=656,,,,,,
657,uid=657,3,1,uid=657,,,,,,
658,uid=658,3,1,uid=658,,,,,,
659,uid=659,3,1,uid=659,,,,,,
660,uid=660,3,1,uid=660,,,,,,
661,uid=661,3,1,uid=661,,,,,,
662,uid=662,3,1,uid=662,,,,,,
663,uid=663,3,1,uid=663,,,,,,
664,uid=664,3,1,uid=664,,,,,,
665,uid=665,3,1,uid=665,,,,,,
666,uid=666,3,1,uid=666,,,,,,
667,uid=667,3,1,uid=667,,,,,,
668,uid=668,3,1,uid=668,,,,,,
669,uid=669,3,1,uid=669,,,,,,
670,uid=670,3,1,uid=670,,,,,,
671,uid=671,3,1,uid=671,,,,,,
672,uid=672,3,1,uid=672,,,,,,
673,uid=673,3,1,uid=673,,,,,,
674,uid=674,3,1,uid=674,,,,,,
675,uid=675,3,1,uid=675,,,,,,
676,uid=676,3,1,uid=676,,,,,,
677,uid=677,3,1,uid=677,,,,,,
678,uid=678,3,1,uid=678,,,,,,
679,Ст4_ТН2_,4,1,uid=679,,,,,,
680,Ст4_ТН2_,4,1,uid=680,,,,,,
681,Ст4_ТН2_,4,1,uid=681,,,,,,
682,Ст4_ТН2_,4,1,uid=682,,,,,,
683,Ст4_ТН2_,4,1,uid=683,,,,,,
684,Ст4_ТН2_,4,1,uid=684,,,,,,
685,Ст4_ТН2_,4,1,uid=685,,,,,,
686,Ст4_ТН2_,4,1,uid=686,,,,,,
687,Ст4_ШС1_Q1,4,1,uid=687,,,,,,
688,Ст4_ШС1_Q2,4,1,uid=688,,,,,,
689,Ст4_ШС1_Q3,4,1,uid=689,,,,,,
690,Ст4_ШС1_Q4,4,1,uid=690,,,,,,
691,Ст4_ШС1_Q5,4,1,uid=691,,,,,,
692,Ст4_ШС1_Q6,4,1,uid=692,,,,,,
693,Ст4_ШС1_Q7,4,1,uid=693,,,,,,
694,Ст4_ШС1_Q8,4,1,uid=694,,,,,,
695,uid=695,4,1,uid=695,,,,,,
696,uid=696,4,1,uid=696,,,,,,
697,uid=697,4,1,uid=697,,,,,,
698,uid=698,4,1,uid=698,,,,,,
699,uid=699,4,1,uid=699,,,,,,
700,uid=700,4,1,uid=700,,,,,,
701,uid=701,4,1,uid=701,,,,,,
702,uid=702,4,1,uid=702,,,,,,
703,Ст4_ШС2_Q1,4,1,uid=703,,,,,,
704,Ст4_ШС2_Q2,4,1,uid=704,,,,,,
705,Ст4_ШС2_Q3,4,1,uid=705,,,,,,
706,Ст4_ШС2_Q4,4,1,uid=706,,,,,,
707,Ст4_ШС2_Q5,4,1,uid=707,,,,,,
708,Ст4_ШС2_Q6,4,1,uid=708,,,,,,
709,Ст4_ШС2_Q7,4,1,uid=709,,,,,,
710,Ст4_ШС2_Q8,4,1,uid=710,,,,,,
711,Ст4_ШС2_Q9,4,1,uid=711,,,,,,
712,Ст4_ШС2_Q10,4,1,uid=712,,,,,,
713,uid=713,4,1,uid=713,,,,,,
714,uid=714,4,1,uid=714,,,,,,
715,Ст4_ШС2_x45-x46,4,1,uid=715,,,,,,
716,uid=716,4,1,uid=716,,,,,,
717,uid=717,4,1,uid=717,,,,,,
718,uid=718,4,1,uid=718,,,,,,
719,Ст4_МП2_RA1_1,4,1,uid=719,,,,,,
720,Ст4_МП2_RA1_2,4,1,uid=720,,,,,,
721,Ст4_МП2_RA1_3,4,1,uid=721,,,,,,
722,Ст4_МП2_RA1_4,4,1,uid=722,,,,,,
723,uid=723,4,1,uid=723,,,,,,
724,uid=724,4,1,uid=724,,,,,,
725,uid=725,4,1,uid=725,,,,,,
726,uid=726,4,1,uid=726,,,,,,
727,uid=727,4,1,uid=727,,,,,,
728,uid=728,4,1,uid=728,,,,,,
729,uid=729,4,1,uid=729,,,,,,
730,uid=730,4,1,uid=730,,,,,,
731,uid=731,4,1,uid=731,,,,,,
732,uid=732,4,1,uid=732,,,,,,
733,uid=733,4,1,uid=733,,,,,,
734,uid=734,4,1,uid=734,,,,,,
735,uid=735,4,1,uid=735,,,,,,
736,uid=736,4,1,uid=736,,,,,,
737,uid=737,4,1,uid=737,,,,,,
738,uid=738,4,1,uid=738,,,,,,
739,uid=739,4,1,uid=739,,,,,,
740,uid=740,4,1,uid=740,,,,,,
741,uid=741,4,1,uid=741,,,,,,
742,uid=742,4,1,uid=742,,,,,,
743,uid=743,4,1,uid=743,,,,,,
744,uid=744,4,1,uid=744,,,,,,
745,uid=745,4,1,uid=745,,,,,,
746,uid=746,4,1,uid=746,,,,,,
747,uid=747,4,1,uid=747,,,,,,
748,uid=748,4,1,uid=748,,,,,,
749,uid=749,4,1,uid=749,,,,,,
750,uid=750,4,1,uid=750,,,,,,
751,uid=751,4,1,uid=751,,,,,,
752,uid=752,4,1,uid=752,,,,,,
753,uid=753,4,1,uid=753,,,,,,
754,uid=754,4,1,uid=754,,,,,,
755,uid=755,4,1,uid=755,,,,,,
756,uid=756,4,1,uid=756,,,,,,
757,uid=757,4,1,uid=757,,,,,,
758,uid=758,4,1,uid=758,,,,,,
759,uid=759,4,1,uid=759,,,,,,
760,uid=760,4,1,uid=760,,,,,,
761,uid=761,4,1,uid=761,,,,,,
762,uid=762,4,1,uid=762,,,,,,
763,uid=763,4,1,uid=763,,,,,,
764,uid=764,4,1,uid=764,,,,,,
765,uid=765,4,1,uid=765,,,,,,
766,uid=766,4,1,uid=766,,,,,,
767,uid=767,4,1,uid=767,,,,,,
768,uid=768,4,1,uid=768,,,,,,
769,uid=769,4,1,uid=769,,,,,,
770,uid=770,4,1,uid=770,,,,,,
771,uid=771,4,1,uid=771,,,,,,
772,uid=772,4,1,uid=772,,,,,,
773,uid=773,4,1,uid=773,,,,,,
774,uid=774,4,1,uid=774,,,,,,
775,uid=775,4,1,uid=775,,,,,,
776,uid=776,4,1,uid=776,,,,,,
777,uid=777,4,1,uid=777,,,,,,
778,uid=778,4,1,uid=778,,,,,,
779,uid=779,4,1,uid=779,,,,,,
780,uid=780,4,1,uid=780,,,,,,
781,uid=781,4,1,uid=781,,,,,,
782,uid=782,4,1,uid=782,,,,,,
783,uid=783,4,1,uid=783,,,,,,
784,uid=784,4,1,uid=784,,,,,,
785,uid=785,4,1,uid=785,,,,,,
786,uid=786,4,1,uid=786,,,,,,
787,uid=787,4,1,uid=787,,,,,,
788,uid=788,4,1,uid=788,,,,,,
789,uid=789,4,1,uid=789,,,,,,
790,uid=790,4,1,uid=790,,,,,,
791,uid=791,4,1,uid=791,,,,,,
792,uid=792,4,1,uid=792,,,,,,
793,uid=793,4,1,uid=793,,,,,,
794,uid=794,4,1,uid=794,,,,,,
795,uid=795,4,1,uid=795,,,,,,
796,uid=796,4,1,uid=796,,,,,,
797,uid=797,4,1,uid=797,,,,,,
798,uid=798,4,1,uid=798,,,,,,
799,uid=799,4,1,uid=799,,,,,,
800,uid=800,4,1,uid=800,,,,,,
801,uid=801,4,1,uid=801,,,,,,
802,uid=802,4,1,uid=802,,,,,,
803,uid=803,4,1,uid=803,,,,,,
804,uid=804,4,1,uid=804,,,,,,
805,uid=805,4,1,uid=805,,,,,,
806,uid=806,4,1,uid=806,,,,,,
807,uid=807,4,1,uid=807,,,,,,
808,uid=808,4,1,uid=808,,,,,,
809,uid=809,4,1,uid=809,,,,,,
810,uid=810,4,1,uid=810,,,,,,
811,uid=811,4,1,uid=811,,,,,,
812,uid=812,4,1,uid=812,,,,,,
813,uid=813,4,1,uid=813,,,,,,
814,uid=814,4,1,uid=814,,,,,,
815,uid=815,4,1,uid=815,,,,,,
816,uid=816,4,1,uid=816,,,,,,
817,uid=817,4,1,uid=817,,,,,,
818,uid=818,4,1,uid=818,,,,,,
819,uid=819,4,1,uid=819,,,,,,
820,uid=820,4,1,uid=820,,,,,,
821,uid=821,4,1,uid=821,,,,,,
822,uid=822,4,1,uid=822,,,,,,
823,uid=823,4,1,uid=823,,,,,,
824,uid=824,4,1,uid=824,,,,,,
825,uid=825,4,1,uid=825,,,,,,
826,uid=826,4,1,uid=826,,,,,,
827,uid=827,4,1,uid=827,,,,,,
828,uid=828,4,1,uid=828,,,,,,
829,uid=829,4,1,uid=829,,,,,,
830,uid=830,4,1,uid=830,,,,,,
831,uid=831,4,1,uid=831,,,,,,
832,uid=832,4,1,uid=832,,,,,,
833,uid=833,4,1,uid=833,,,,,,
834,uid=834,4,1,uid=834,,,,,,
835,uid=835,4,1,uid=835,,,,,,
836,uid=836,4,1,uid=836,,,,,,
837,uid=837,4,1,uid=837,,,,,,
838,uid=838,4,1,uid=838,,,,,,
839,uid=839,4,1,uid=839,,,,,,
840,uid=840,4,1,uid=840,,,,,,
841,uid=841,4,1,uid=841,,,,,,
842,uid=842,4,1,uid=842,,,,,,
843,uid=843,4,1,uid=843,,,,,,
844,uid=844,4,1,uid=844,,,,,,
845,uid=845,4,1,uid=845,,,,,,
846,uid=846,4,1,uid=846,,,,,,
847,uid=847,4,1,uid=847,,,,,,
848,uid=848,4,1,uid=848,,,,,,
849,uid=849,4,1,uid=849,,,,,,
850,uid=850,4,1,uid=850,,,,,,
851,uid=851,4,1,uid=851,,,,,,
852,uid=852,4,1,uid=852,,,,,,
853,uid=853,4,1,uid=853,,,,,,
854,uid=854,4,1,uid=854,,,,,,
855,uid=855,4,1,uid=855,,,,,,
856,uid=856,4,1,uid=856,,,,,,
857,uid=857,4,1,uid=857,,,,,,
858,uid=858,4,1,uid=858,,,,,,
859,uid=859,4,1,uid=859,,,,,,
860,uid=860,4,1,uid=860,,,,,,
861,uid=861,4,1,uid=861,,,,,,
862,uid=862,4,1,uid=862,,,,,,
863,uid=863,4,1,uid=863,,,,,,
864,uid=864,4,1,uid=864,,,,,,
865,uid=865,4,1,uid=865,,,,,,
866,uid=866,4,1,uid=866,,,,,,
867,uid=867,4,1,uid=867,,,,,,
868,uid=868,4,1,uid=868,,,,,,
869,uid=869,4,1,uid=869,,,,,,
870,uid=870,4,1,uid=870,,,,,,
871,uid=871,4,1,uid=871,,,,,,
872,uid=872,4,1,uid=872,,,,,,
873,uid=873,4,1,uid=873,,,,,,
874,uid=874,4,1,uid=874,,,,,,
875,uid=875,4,1,uid=875,,,,,,
876,uid=876,4,1,uid=876,,,,,,
877,uid=877,4,1,uid=877,,,,,,
878,uid=878,4,1,uid=878,,,,,,
879,uid=879,4,1,uid=879,,,,,,
880,uid=880,4,1,uid=880,,,,,,
881,uid=881,4,1,uid=881,,,,,,
882,uid=882,4,1,uid=882,,,,,,
883,uid=883,4,1,uid=883,,,,,,
884,uid=884,4,1,uid=884,,,,,,
885,uid=885,4,1,uid=885,,,,,,
886,uid=886,4,1,uid=886,,,,,,
887,uid=887,4,1,uid=887,,,,,,
888,uid=888,4,1,uid=888,,,,,,
889,uid=889,4,1,uid=889,,,,,,
890,uid=890,4,1,uid=890,,,,,,
891,uid=891,4,1,uid=891,,,,,,
892,uid=892,4,1,uid=892,,,,,,
893,uid=893,4,1,uid=893,,,,,,
894,uid=894,4,1,uid=894,,,,,,
895,uid=895,4,1,uid=895,,,,,,
896,uid=896,4,1,uid=896,,,,,,
897,uid=897,4,1,uid=897,,,,,,
898,uid=898,4,1,uid=898,,,,,,
899,uid=899,4,1,uid=899,,,,,,
900,uid=900,4,1,uid=900,,,,,,
901,uid=901,4,1,uid=901,,,,,,
902,uid=902,4,1,uid=902,,,,,,
903,uid=903,4,1,uid=903,,,,,,
904,uid=904,4,1,uid=904,,,,,,
905,uid=905,4,1,uid=905,,,,,,
906,uid=906,4,1,uid=906,,,,,,
907,uid=907,4,1,uid=907,,,,,,
908,uid=908,4,1,uid=908,,,,,,
909,uid=909,4,1,uid=909,,,,,,
910,uid=910,4,1,uid=910,,,,,,
911,uid=911,4,1,uid=911,,,,,,
912,uid=912,4,1,uid=912,,,,,,
913,uid=913,4,1,uid=913,,,,,,
914,uid=914,4,1,uid=914,,,,,,
915,uid=915,4,1,uid=915,,,,,,
916,uid=916,4,1,uid=916,,,,,,
917,uid=917,4,1,uid=917,,,,,,
918,uid=918,4,1,uid=918,,,,,,
919,uid=919,4,1,uid=919,,,,,,
920,uid=920,4,1,uid=920,,,,,,
921,uid=921,4,1,uid=921,,,,,,
922,uid=922,4,1,uid=922,,,,,,
923,uid=923,4,1,uid=923,,,,,,
924,uid=924,4,1,uid=924,,,,,,
925,uid=925,4,1,uid=925,,,,,,
926,uid=926,4,1,uid=926,,,,,,
927,uid=927,4,1,uid=927,,,,,,
928,uid=928,4,1,uid=928,,,,,,
929,uid=929,4,1,uid=929,,,,,,
930,uid=930,4,1,uid=930,,,,,,
931,uid=931,4,1,uid=931,,,,,,
932,uid=932,4,1,uid=932,,,,,,
933,uid=933,4,1,uid=933,,,,,,
934,uid=934,4,1,uid=934,,,,,,
935,uid=935,4,1,uid=935,,,,,,
936,uid=936,4,1,uid=936,,,,,,
937,uid=937,4,1,uid=937,,,,,,
938,uid=938,4,1,uid=938,,,,,,
939,uid=939,4,1,uid=939,,,,,,
940,uid=940,4,1,uid=940,,,,,,
941,uid=941,4,1,uid=941,,,,,,
942,uid=942,4,1,uid=942,,,,,,
943,uid=943,4,1,uid=943,,,,,,
944,uid=944,4,1,uid=944,,,,,,
945,uid=945,4,1,uid=945,,,,,,
946,uid=946,4,1,uid=946,,,,,,
947,uid=947,4,1,uid=947,,,,,,
948,uid=948,4,1,uid=948,,,,,,
949,uid=949,4,1,uid=949,,,,,,
950,uid=950,4,1,uid=950,,,,,,
951,uid=951,4,1,uid=951,,,,,,
952,uid=952,4,1,uid=952,,,,,,
953,uid=953,4,1,uid=953,,,,,,
954,uid=954,4,1,uid=954,,,,,,
955,uid=955,4,1,uid=955,,,,,,
956,uid=956,4,1,uid=956,,,,,,
957,uid=957,4,1,uid=957,,,,,,
958,uid=958,4,1,uid=958,,,,,,
959,uid=959,4,1,uid=959,,,,,,
960,uid=960,4,1,uid=960,,,,,,
961,uid=961,4,1,uid=961,,,,,,
962,uid=962,4,1,uid=962,,,,,,
963,uid=963,4,1,uid=963,,,,,,
964,uid=964,4,1,uid=964,,,,,,
965,uid=965,4,1,uid=965,,,,,,
966,uid=966,4,1,uid=966,,,,,,
967,uid=967,4,1,uid=967,,,,,,
968,uid=968,4,1,uid=968,,,,,,
969,uid=969,4,1,uid=969,,,,,,
970,uid=970,4,1,uid=970,,,,,,
971,uid=971,4,1,uid=971,,,,,,
972,uid=972,4,1,uid=972,,,,,,
973,uid=973,4,1,uid=973,,,,,,
974,uid=974,4,1,uid=974,,,,,,
975,uid=975,4,1,uid=975,,,,,,
976,uid=976,4,1,uid=976,,,,,,
977,uid=977,4,1,uid=977,,,,,,
978,uid=978,4,1,uid=978,,,,,,
979,uid=979,4,1,uid=979,,,,,,
980,uid=980,4,1,uid=980,,,,,,
981,uid=981,4,1,uid=981,,,,,,
982,uid=982,4,1,uid=982,,,,,,
983,uid=983,4,1,uid=983,,,,,,
984,uid=984,4,1,uid=984,,,,,,
985,uid=985,4,1,uid=985,,,,,,
986,uid=986,4,1,uid=986,,,,,,
987,uid=987,4,1,uid=987,,,,,,
988,uid=988,4,1,uid=988,,,,,,
989,uid=989,4,1,uid=989,,,,,,
990,uid=990,4,1,uid=990,,,,,,
991,uid=991,4,1,uid=991,,,,,,
992,uid=992,4,1,uid=992,,,,,,
993,uid=993,4,1,uid=993,,,,,,
994,uid=994,4,1,uid=994,,,,,,
995,uid=995,4,1,uid=995,,,,,,
996,uid=996,4,1,uid=996,,,,,,
997,uid=997,4,1,uid=997,,,,,,
998,uid=998,4,1,uid=998,,,,,,
999,uid=999,4,1,uid=999,,,,,,
1000,uid=1000,4,1,uid=1000,,,,,,
1001,uid=1001,4,1,uid=1001,,,,,,
1002,uid=1002,4,1,uid=1002,,,,,,
1003,uid=1003,4,1,uid=1003,,,,,,
1004,uid=1004,4,1,uid=1004,,,,,,
1005,uid=1005,4,1,uid=1005,,,,,,
1006,uid=1006,4,1,uid=1006,,,,,,
1007,uid=1007,4,1,uid=1007,,,,,,
1008,uid=1008,4,1,uid=1008,,,,,,
1009,uid=1009,4,1,uid=1009,,,,,,
1010,uid=1010,4,1,uid=1010,,,,,,
1011,uid=1011,4,1,uid=1011,,,,,,
1012,uid=1012,4,1,uid=1012,,,,,,
1013,uid=1013,4,1,uid=1013,,,,,,
1014,uid=1014,4,1,uid=1014,,,,,,
1015,uid=1015,4,1,uid=1015,,,,,,
1016,uid=1016,4,1,uid=1016,,,,,,
1017,uid=1017,4,1,uid=1017,,,,,,
1018,uid=1018,4,1,uid=1018,,,,,,
1019,uid=1019,4,1,uid=1019,,,,,,
1020,uid=1020,4,1,uid=1020,,,,,,
1021,uid=1021,4,1,uid=1021,,,,,,
1022,uid=1022,4,1,uid=1022,,,,,,
1023,uid=1023,4,1,uid=1023,,,,,,
1024,uid=1024,4,1,uid=1024,,,,,,
1025,uid=1025,4,1,uid=1025,,,,,,
1026,uid=1026,4,1,uid=1026,,,,,,
1027,uid=1027,4,1,uid=1027,,,,,,
1028,uid=1028,4,1,uid=1028,,,,,,
1029,uid=1029,4,1,uid=1029,,,,,,
1030,uid=1030,4,1,uid=1030,,,,,,
1031,uid=1031,4,1,uid=1031,,,,,,
1032,uid=1032,4,1,uid=1032,,,,,,
1033,uid=1033,4,1,uid=1033,,,,,,
1034,uid=1034,4,1,uid=1034,,,,,,
1035,uid=1035,4,1,uid=1035,,,,,,
1036,uid=1036,4,1,uid=1036,,,,,,
1037,uid=1037,4,1,uid=1037,,,,,,
1038,uid=1038,4,1,uid=1038,,,,,,
1039,uid=1039,4,1,uid=1039,,,,,,
1040,uid=1040,4,1,uid=1040,,,,,,
1041,uid=1041,4,1,uid=1041,,,,,,
1042,uid=1042,4,1,uid=1042,,,,,,
1043,uid=1043,4,1,uid=1043,,,,,,
1044,uid=1044,4,1,uid=1044,,,,,,
1045,uid=1045,4,1,uid=1045,,,,,,
1046,uid=1046,4,1,uid=1046,,,,,,
1047,uid=1047,4,1,uid=1047,,,,,,
1048,uid=1048,4,1,uid=1048,,,,,,
1049,uid=1049,4,1,uid=1049,,,,,,
1050,uid=1050,4,1,uid=1050,,,,,,
1051,uid=1051,4,1,uid=1051,,,,,,
1052,uid=1052,4,1,uid=1052,,,,,,
1053,uid=1053,4,1,uid=1053,,,,,,
1054,uid=1054,4,1,uid=1054,,,,,,
1055,uid=1055,4,1,uid=1055,,,,,,
1056,uid=1056,4,1,uid=1056,,,,,,
1057,uid=1057,4,1,uid=1057,,,,,,
1058,uid=1058,4,1,uid=1058,,,,,,
1059,uid=1059,4,1,uid=1059,,,,,,
1060,uid=1060,4,1,uid=1060,,,,,,
1061,uid=1061,4,1,uid=1061,,,,,,
1062,uid=1062,4,1,uid=1062,,,,,,
1063,uid=1063,4,1,uid=1063,,,,,,
1064,uid=1064,4,1,uid=1064,,,,,,
1065,uid=1065,4,1,uid=1065,,,,,,
1066,uid=1066,4,1,uid=1066,,,,,,
1067,uid=1067,4,1,uid=1067,,,,,,
1068,uid=1068,4,1,uid=1068,,,,,,
1069,uid=1069,4,1,uid=1069,,,,,,
1070,uid=1070,4,1,uid=1070,,,,,,
1071,uid=1071,4,1,uid=1071,,,,,,
1072,uid=1072,4,1,uid=1072,,,,,,
1073,uid=1073,4,1,uid=1073,,,,,,
1074,uid=1074,4,1,uid=1074,,,,,,
1075,uid=1075,4,1,uid=1075,,,,,,
1076,uid=1076,4,1,uid=1076,,,,,,
1077,uid=1077,4,1,uid=1077,,,,,,
1078,uid=1078,4,1,uid=1078,,,,,,
1079,uid=1079,4,1,uid=1079,,,,,,
1080,uid=1080,4,1,uid=1080,,,,,,
1081,uid=1081,4,1,uid=1081,,,,,,
1082,uid=1082,4,1,uid=1082,,,,,,
1083,uid=1083,4,1,uid=1083,,,,,,
1084,uid=1084,4,1,uid=1084,,,,,,
1085,uid=1085,4,1,uid=1085,,,,,,
1086,uid=1086,4,1,uid=1086,,,,,,
1087,uid=1087,4,1,uid=1087,,,,,,
1088,uid=1088,4,1,uid=1088,,,,,,
1089,uid=1089,4,1,uid=1089,,,,,,
1090,uid=1090,4,1,uid=1090,,,,,,
1091,uid=1091,4,1,uid=1091,,,,,,
1092,uid=1092,4,1,uid=1092,,,,,,
1093,uid=1093,4,1,uid=1093,,,,,,
1094,uid=1094,4,1,uid=1094,,,,,,
1095,uid=1095,4,1,uid=1095,,,,,,
1096,uid=1096,4,1,uid=1096,,,,,,
1097,uid=1097,4,1,uid=1097,,,,,,
1098,uid=1098,4,1,uid=1098,,,,,,
1099,uid=1099,4,1,uid=1099,,,,,,
1100,uid=1100,4,1,uid=1100,,,,,,
1101,uid=1101,4,1,uid=1101,,,,,,
1102,uid=1102,4,1,uid=1102,,,,,,
1103,uid=1103,4,1,uid=1103,,,,,,
1104,uid=1104,4,1,uid=1104,,,,,,
1105,uid=1105,4,1,uid=1105,,,,,,
1106,uid=1106,4,1,uid=1106,,,,,,
1107,uid=1107,4,1,uid=1107,,,,,,
1108,uid=1108,4,1,uid=1108,,,,,,
1109,uid=1109,4,1,uid=1109,,,,,,
1110,uid=1110,4,1,uid=1110,,,,,,
1111,uid=1111,4,1,uid=1111,,,,,,
1112,uid=1112,4,1,uid=1112,,,,,,
1113,uid=1113,4,1,uid=1113,,,,,,
1114,uid=1114,4,1,uid=1114,,,,,,
1115,uid=1115,4,1,uid=1115,,,,,,
1116,uid=1116,4,1,uid=1116,,,,,,
1117,uid=1117,4,1,uid=1117,,,,,,
1118,uid=1118,4,1,uid=1118,,,,,,
1119,uid=1119,4,1,uid=1119,,,,,,
1120,uid=1120,4,1,uid=1120,,,,,,
1121,uid=1121,4,1,uid=1121,,,,,,
1122,uid=1122,4,1,uid=1122,,,,,,
1123,uid=1123,4,1,uid=1123,,,,,,
1124,uid=1124,4,1,uid=1124,,,,,,
1125,uid=1125,4,1,uid=1125,,,,,,
1126,uid=1126,4,1,uid=1126,,,,,,
1127,uid=1127,4,1,uid=1127,,,,,,
1128,uid=1128,4,1,uid=1128,,,,,,
1129,uid=1129,4,1,uid=1129,,,,,,
1130,uid=1130,4,1,uid=1130,,,,,,
1131,uid=1131,4,1,uid=1131,,,,,,
1132,uid=1132,4,1,uid=1132,,,,,,
1133,uid=1133,4,1,uid=1133,,,,,,
1134,uid=1134,4,1,uid=1134,,,,,,
1135,uid=1135,4,1,uid=1135,,,,,,
1136,uid=1136,4,1,uid=1136,,,,,,
1137,uid=1137,4,1,uid=1137,,,,,,
1138,uid=1138,4,1,uid=1138,,,,,,
1139,uid=1139,4,1,uid=1139,,,,,,
1140,uid=1140,4,1,uid=1140,,,,,,
1141,uid=1141,4,1,uid=1141,,,,,,
1142,uid=1142,4,1,uid=1142,,,,,,
1143,uid=1143,4,1,uid=1143,,,,,,
1144,uid=1144,4,1,uid=1144,,,,,,
1145,uid=1145,4,1,uid=1145,,,,,,
1146,uid=1146,4,1,uid=1146,,,,,,
1147,uid=1147,4,1,uid=1147,,,,,,
1148,uid=1148,4,1,uid=1148,,,,,,
1149,uid=1149,4,1,uid=1149,,,,,,
1150,uid=1150,4,1,uid=1150,,,,,,
1151,uid=1151,4,1,uid=1151,,,,,,
1152,uid=1152,4,1,uid=1152,,,,,,
1153,uid=1153,4,1,uid=1153,,,,,,
1154,uid=1154,4,1,uid=1154,,,,,,
1155,СТ5_УС_Q1,5,1,uid=1155,,,,,,
1156,СТ5_УС_Q2,5,1,uid=1156,,,,,,
1157,uid=1157,5,1,uid=1157,,,,,,
1158,uid=1158,5,1,uid=1158,,,,,,
1159,uid=1159,5,1,uid=1159,,,,,,
1160,uid=1160,5,1,uid=1160,,,,,,
1161,uid=1161,5,1,uid=1161,,,,,,
1162,uid=1162,5,1,uid=1162,,,,,,
1163,uid=1163,5,1,uid=1163,,,,,,
1164,uid=1164,5,1,uid=1164,,,,,,
1165,uid=1165,5,1,uid=1165,,,,,,
1166,uid=1166,5,1,uid=1166,,,,,,
1167,uid=1167,5,1,uid=1167,,,,,,
1168,uid=1168,5,1,uid=1168,,,,,,
1169,uid=1169,5,1,uid=1169,,,,,,
1170,uid=1170,5,1,uid=1170,,,,,,
1171,uid=1171,5,1,uid=1171,,,,,,
1172,uid=1172,5,1,uid=1172,,,,,,
1173,uid=1173,5,1,uid=1173,,,,,,
1174,uid=1174,5,1,uid=1174,,,,,,
1175,uid=1175,5,1,uid=1175,,,,,,
1176,uid=1176,5,1,uid=1176,,,,,,
1177,uid=1177,5,1,uid=1177,,,,,,
1178,uid=1178,5,1,uid=1178,,,,,,
1179,uid=1179,5,1,uid=1179,,,,,,
1180,uid=1180,5,1,uid=1180,,,,,,
1181,uid=1181,5,1,uid=1181,,,,,,
1182,uid=1182,5,1,uid=1182,,,,,,
1183,uid=1183,5,1,uid=1183,,,,,,
1184,uid=1184,5,1,uid=1184,,,,,,
1185,uid=1185,5,1,uid=1185,,,,,,
1186,uid=1186,5,1,uid=1186,,,,,,
1187,uid=1187,5,1,uid=1187,,,,,,
1188,uid=1188,5,1,uid=1188,,,,,,
1189,uid=1189,5,1,uid=1189,,,,,,
1190,uid=1190,5,1,uid=1190,,,,,,
1191,uid=1191,5,1,uid=1191,,,,,,
1192,uid=1192,5,1,uid=1192,,,,,,
1193,uid=1193,5,1,uid=1193,,,,,,
1194,uid=1194,5,1,uid=1194,,,,,,
1195,uid=1195,5,1,uid=1195,,,,,,
1196,uid=1196,5,1,uid=1196,,,,,,
1197,uid=1197,5,1,uid=1197,,,,,,
1198,uid=1198,5,1,uid=1198,,,,,,
1199,uid=1199,5,1,uid=1199,,,,,,
1200,uid=1200,5,1,uid=1200,,,,,,
1201,uid=1201,5,1,uid=1201,,,,,,
1202,uid=1202,5,1,uid=1202,,,,,,
1203,uid=1203,5,1,uid=1203,,,,,,
1204,uid=1204,5,1,uid=1204,,,,,,
1205,uid=1205,5,1,uid=1205,,,,,,
1206,uid=1206,5,1,uid=1206,,,,,,
1207,uid=1207,5,1,uid=1207,,,,,,
1208,uid=1208,5,1,uid=1208,,,,,,
1209,uid=1209,5,1,uid=1209,,,,,,
1210,uid=1210,5,1,uid=1210,,,,,,
1211,uid=1211,5,1,uid=1211,,,,,,
1212,uid=1212,5,1,uid=1212,,,,,,
1213,uid=1213,5,1,uid=1213,,,,,,
1214,uid=1214,5,1,uid=1214,,,,,,
1215,uid=1215,5,1,uid=1215,,,,,,
1216,uid=1216,5,1,uid=1216,,,,,,
1217,uid=1217,5,1,uid=1217,,,,,,
1218,uid=1218,5,1,uid=1218,,,,,,
1219,uid=1219,5,1,uid=1219,,,,,,
1220,uid=1220,5,1,uid=1220,,,,,,
1221,uid=1221,5,1,uid=1221,,,,,,
1222,uid=1222,5,1,uid=1222,,,,,,
1223,uid=1223,5,1,uid=1223,,,,,,
1224,uid=1224,5,1,uid=1224,,,,,,
1225,uid=1225,5,1,uid=1225,,,,,,
1226,uid=1226,5,1,uid=1226,,,,,,
1227,uid=1227,5,1,uid=1227,,,,,,
1228,uid=1228,5,1,uid=1228,,,,,,
1229,uid=1229,5,1,uid=1229,,,,,,
1230,uid=1230,5,1,uid=1230,,,,,,
1231,uid=1231,5,1,uid=1231,,,,,,
1232,uid=1232,5,1,uid=1232,,,,,,
1233,uid=1233,5,1,uid=1233,,,,,,
1234,uid=1234,5,1,uid=1234,,,,,,
1235,uid=1235,5,1,uid=1235,,,,,,
1236,uid=1236,5,1,uid=1236,,,,,,
1237,uid=1237,5,1,uid=1237,,,,,,
1238,uid=1238,5,1,uid=1238,,,,,,
1239,uid=1239,5,1,uid=1239,,,,,,
1240,uid=1240,5,1,uid=1240,,,,,,
1241,uid=1241,5,1,uid=1241,,,,,,
1242,uid=1242,5,1,uid=1242,,,,,,
1243,uid=1243,5,1,uid=1243,,,,,,
1244,uid=1244,5,1,uid=1244,,,,,,
1245,uid=1245,5,1,uid=1245,,,,,,
1246,uid=1246,5,1,uid=1246,,,,,,
1247,Ст5_ШС1_Q2,5,1,uid=1247,,,,,,
1248,Ст5_ШС1_Q1,5,1,uid=1248,,,,,,
1249,Ст5_ШС1_Q4,5,1,uid=1249,,,,,,
1250,Ст5_ШС1_Q3,5,1,uid=1250,,,,,,
1251,Ст5_ШС1_Q6,5,1,uid=1251,,,,,,
1252,Ст5_ШС1_Q5,5,1,uid=1252,,,,,,
1253,Ст5_ШС1_Q8,5,1,uid=1253,,,,,,
1254,Ст5_ШС1_Q7,5,1,uid=1254,,,,,,
1255,uid=1255,5,1,uid=1255,,,,,,
1256,uid=1256,5,1,uid=1256,,,,,,
1257,uid=1257,5,1,uid=1257,,,,,,
1258,uid=1258,5,1,uid=1258,,,,,,
1259,uid=1259,5,1,uid=1259,,,,,,
1260,uid=1260,5,1,uid=1260,,,,,,
1261,uid=1261,5,1,uid=1261,,,,,,
1262,uid=1262,5,1,uid=1262,,,,,,
1263,uid=1263,5,1,uid=1263,,,,,,
1264,uid=1264,5,1,uid=1264,,,,,,
1265,uid=1265,5,1,uid=1265,,,,,,
1266,uid=1266,5,1,uid=1266,,,,,,
1267,uid=1267,5,1,uid=1267,,,,,,
1268,uid=1268,5,1,uid=1268,,,,,,
1269,uid=1269,5,1,uid=1269,,,,,,
1270,uid=1270,5,1,uid=1270,,,,,,
1271,uid=1271,5,1,uid=1271,,,,,,
1272,uid=1272,5,1,uid=1272,,,,,,
1273,uid=1273,5,1,uid=1273,,,,,,
1274,uid=1274,5,1,uid=1274,,,,,,
1275,uid=1275,5,1,uid=1275,,,,,,
1276,uid=1276,5,1,uid=1276,,,,,,
1277,uid=1277,5,1,uid=1277,,,,,,
1278,uid=1278,5,1,uid=1278,,,,,,
1279,Ст5_НИ1_КМ1,5,1,uid=1279,,,,,,
1280,Ст5_НИ1_КМ2,5,1,uid=1280,,,,,,
1281,Ст5_НИ1_КМ3,5,1,uid=1281,,,,,,
1282,Ст5_НИ1_КМ4,5,1,uid=1282,,,,,,
1283,Ст5_НИ1_КМ5,5,1,uid=1283,,,,,,
1284,Ст5_НИ1_КМ6,5,1,uid=1284,,,,,,
1285,Ст5_НИ1_Лампа,5,1,uid=1285,,,,,,
1286,uid=1286,5,1,uid=1286,,,,,,
1287,uid=1287,5,1,uid=1287,,,,,,
1288,uid=1288,5,1,uid=1288,,,,,,
1289,uid=1289,5,1,uid=1289,,,,,,
1290,uid=1290,5,1,uid=1290,,,,,,
1291,uid=1291,5,1,uid=1291,,,,,,
1292,uid=1292,5,1,uid=1292,,,,,,
1293,uid=1293,5,1,uid=1293,,,,,,
1294,uid=1294,5,1,uid=1294,,,,,,
1295,Ст5_РТ_Темп,5,1,uid=1295,,,,,,
1296,uid=1296,5,1,uid=1296,,,,,,
1297,uid=1297,5,1,uid=1297,,,,,,
1298,uid=1298,5,1,uid=1298,,,,,,
1299,uid=1299,5,1,uid=1299,,,,,,
1300,uid=1300,5,1,uid=1300,,,,,,
1301,uid=1301,5,1,uid=1301,,,,,,
1302,uid=1302,5,1,uid=1302,,,,,,
1303,uid=1303,5,1,uid=1303,,,,,,
1304,uid=1304,5,1,uid=1304,,,,,,
1305,uid=1305,5,1,uid=1305,,,,,,
1306,uid=1306,5,1,uid=1306,,,,,,
1307,uid=1307,5,1,uid=1307,,,,,,
1308,uid=1308,5,1,uid=1308,,,,,,
1309,uid=1309,5,1,uid=1309,,,,,,
1310,uid=1310,5,1,uid=1310,,,,,,
1311,uid=1311,5,1,uid=1311,,,,,,
1312,uid=1312,5,1,uid=1312,,,,,,
1313,uid=1313,5,1,uid=1313,,,,,,
1314,uid=1314,5,1,uid=1314,,,,,,
1315,uid=1315,5,1,uid=1315,,,,,,
1316,uid=1316,5,1,uid=1316,,,,,,
1317,uid=1317,5,1,uid=1317,,,,,,
1318,uid=1318,5,1,uid=1318,,,,,,
1319,uid=1319,5,1,uid=1319,,,,,,
1320,uid=1320,5,1,uid=1320,,,,,,
1321,uid=1321,5,1,uid=1321,,,,,,
1322,uid=1322,5,1,uid=1322,,,,,,
1323,uid=1323,5,1,uid=1323,,,,,,
1324,uid=1324,5,1,uid=1324,,,,,,
1325,uid=1325,5,1,uid=1325,,,,,,
1326,uid=1326,5,1,uid=1326,,,,,,
1327,uid=1327,5,1,uid=1327,,,,,,
1328,uid=1328,5,1,uid=1328,,,,,,
1329,uid=1329,5,1,uid=1329,,,,,,
1330,uid=1330,5,1,uid=1330,,,,,,
1331,uid=1331,5,1,uid=1331,,,,,,
1332,uid=1332,5,1,uid=1332,,,,,,
1333,uid=1333,5,1,uid=1333,,,,,,
1334,uid=1334,5,1,uid=1334,,,,,,
1335,uid=1335,5,1,uid=1335,,,,,,
1336,uid=1336,5,1,uid=1336,,,,,,
1337,uid=1337,5,1,uid=1337,,,,,,
1338,uid=1338,5,1,uid=1338,,,,,,
1339,uid=1339,5,1,uid=1339,,,,,,
1340,uid=1340,5,1,uid=1340,,,,,,
1341,uid=1341,5,1,uid=1341,,,,,,
1342,uid=1342,5,1,uid=1342,,,,,,
1343,uid=1343,5,1,uid=1343,,,,,,
1344,uid=1344,5,1,uid=1344,,,,,,
1345,uid=1345,5,1,uid=1345,,,,,,
1346,uid=1346,5,1,uid=1346,,,,,,
1347,uid=1347,5,1,uid=1347,,,,,,
1348,uid=1348,5,1,uid=1348,,,,,,
1349,uid=1349,5,1,uid=1349,,,,,,
1350,uid=1350,5,1,uid=1350,,,,,,
1351,uid=1351,5,1,uid=1351,,,,,,
1352,uid=1352,5,1,uid=1352,,,,,,
1353,uid=1353,5,1,uid=1353,,,,,,
1354,uid=1354,5,1,uid=1354,,,,,,
1355,uid=1355,5,1,uid=1355,,,,,,
1356,uid=1356,5,1,uid=1356,,,,,,
1357,uid=1357,5,1,uid=1357,,,,,,
1358,uid=1358,5,1,uid=1358,,,,,,
1359,uid=1359,5,1,uid=1359,,,,,,
1360,uid=1360,5,1,uid=1360,,,,,,
1361,uid=1361,5,1,uid=1361,,,,,,
1362,uid=1362,5,1,uid=1362,,,,,,
1363,uid=1363,5,1,uid=1363,,,,,,
1364,uid=1364,5,1,uid=1364,,,,,,
1365,uid=1365,5,1,uid=1365,,,,,,
1366,uid=1366,5,1,uid=1366,,,,,,
1367,uid=1367,5,1,uid=1367,,,,,,
1368,uid=1368,5,1,uid=1368,,,,,,
1369,uid=1369,5,1,uid=1369,,,,,,
1370,uid=1370,5,1,uid=1370,,,,,,
1371,uid=1371,5,1,uid=1371,,,,,,
1372,uid=1372,5,1,uid=1372,,,,,,
1373,uid=1373,5,1,uid=1373,,,,,,
1374,uid=1374,5,1,uid=1374,,,,,,
1375,uid=1375,5,1,uid=1375,,,,,,
1376,uid=1376,5,1,uid=1376,,,,,,
1377,uid=1377,5,1,uid=1377,,,,,,
1378,uid=1378,5,1,uid=1378,,,,,,
1379,uid=1379,5,1,uid=1379,,,,,,
1380,uid=1380,5,1,uid=1380,,,,,,
1381,uid=1381,5,1,uid=1381,,,,,,
1382,uid=1382,5,1,uid=1382,,,,,,
1383,uid=1383,5,1,uid=1383,,,,,,
1384,uid=1384,5,1,uid=1384,,,,,,
1385,uid=1385,5,1,uid=1385,,,,,,
1386,uid=1386,5,1,uid=1386,,,,,,
1387,uid=1387,5,1,uid=1387,,,,,,
1388,uid=1388,5,1,uid=1388,,,,,,
1389,uid=1389,5,1,uid=1389,,,,,,
1390,uid=1390,5,1,uid=1390,,,,,,
1391,uid=1391,5,1,uid=1391,,,,,,
1392,uid=1392,5,1,uid=1392,,,,,,
1393,uid=1393,5,1,uid=1393,,,,,,
1394,uid=1394,5,1,uid=1394,,,,,,
1395,uid=1395,5,1,uid=1395,,,,,,
1396,uid=1396,5,1,uid=1396,,,,,,
1397,uid=1397,5,1,uid=1397,,,,,,
1398,uid=1398,5,1,uid=1398,,,,,,
1399,uid=1399,5,1,uid=1399,,,,,,
1400,uid=1400,5,1,uid=1400,,,,,,
1401,uid=1401,5,1,uid=1401,,,,,,
1402,uid=1402,5,1,uid=1402,,,,,,
1403,uid=1403,5,1,uid=1403,,,,,,
1404,uid=1404,5,1,uid=1404,,,,,,
1405,uid=1405,5,1,uid=1405,,,,,,
1406,uid=1406,5,1,uid=1406,,,,,,
1407,uid=1407,5,1,uid=1407,,,,,,
1408,uid=1408,5,1,uid=1408,,,,,,
1409,uid=1409,5,1,uid=1409,,,,,,
1410,uid=1410,5,1,uid=1410,,,,,,
1411,uid=1411,5,1,uid=1411,,,,,,
1412,uid=1412,5,1,uid=1412,,,,,,
1413,uid=1413,5,1,uid=1413,,,,,,
1414,uid=1414,5,1,uid=1414,,,,,,
1415,uid=1415,5,1,uid=1415,,,,,,
1416,uid=1416,5,1,uid=1416,,,,,,
1417,uid=1417,5,1,uid=1417,,,,,,
1418,uid=1418,5,1,uid=1418,,,,,,
1419,uid=1419,5,1,uid=1419,,,,,,
1420,uid=1420,5,1,uid=1420,,,,,,
1421,uid=1421,5,1,uid=1421,,,,,,
1422,uid=1422,5,1,uid=1422,,,,,,
1423,uid=1423,5,1,uid=1423,,,,,,
1424,uid=1424,5,1,uid=1424,,,,,,
1425,uid=1425,5,1,uid=1425,,,,,,
1426,uid=1426,5,1,uid=1426,,,,,,
1427,uid=1427,5,1,uid=1427,,,,,,
1428,uid=1428,5,1,uid=1428,,,,,,
1429,uid=1429,5,1,uid=1429,,,,,,
1430,uid=1430,5,1,uid=1430,,,,,,
1431,uid=1431,5,1,uid=1431,,,,,,
1432,uid=1432,5,1,uid=1432,,,,,,
1433,uid=1433,5,1,uid=1433,,,,,,
1434,uid=1434,5,1,uid=1434,,,,,,
1435,uid=1435,5,1,uid=1435,,,,,,
1436,uid=1436,5,1,uid=1436,,,,,,
1437,uid=1437,5,1,uid=1437,,,,,,
1438,uid=1438,5,1,uid=1438,,,,,,
1439,uid=1439,5,1,uid=1439,,,,,,
1440,uid=1440,5,1,uid=1440,,,,,,
1441,uid=1441,5,1,uid=1441,,,,,,
1442,uid=1442,5,1,uid=1442,,,,,,
1443,uid=1443,5,1,uid=1443,,,,,,
1444,uid=1444,5,1,uid=1444,,,,,,
1445,uid=1445,5,1,uid=1445,,,,,,
1446,uid=1446,5,1,uid=1446,,,,,,
1447,uid=1447,5,1,uid=1447,,,,,,
1448,uid=1448,5,1,uid=1448,,,,,,
1449,uid=1449,5,1,uid=1449,,,,,,
1450,uid=1450,5,1,uid=1450,,,,,,
1451,uid=1451,5,1,uid=1451,,,,,,
1452,uid=1452,5,1,uid=1452,,,,,,
1453,uid=1453,5,1,uid=1453,,,,,,
1454,uid=1454,5,1,uid=1454,,,,,,
1455,uid=1455,5,1,uid=1455,,,,,,
1456,uid=1456,5,1,uid=1456,,,,,,
1457,uid=1457,5,1,uid=1457,,,,,,
1458,uid=1458,5,1,uid=1458,,,,,,
1459,uid=1459,5,1,uid=1459,,,,,,
1460,uid=1460,5,1,uid=1460,,,,,,
1461,uid=1461,5,1,uid=1461,,,,,,
1462,uid=1462,5,1,uid=1462,,,,,,
1463,uid=1463,5,1,uid=1463,,,,,,
1464,uid=1464,5,1,uid=1464,,,,,,
1465,uid=1465,5,1,uid=1465,,,,,,
1466,uid=1466,5,1,uid=1466,,,,,,
1467,uid=1467,5,1,uid=1467,,,,,,
1468,uid=1468,5,1,uid=1468,,,,,,
1469,uid=1469,5,1,uid=1469,,,,,,
1470,uid=1470,5,1,uid=1470,,,,,,
1471,uid=1471,5,1,uid=1471,,,,,,
1472,uid=1472,5,1,uid=1472,,,,,,
1473,uid=1473,5,1,uid=1473,,,,,,
1474,uid=1474,5,1,uid=1474,,,,,,
1475,uid=1475,5,1,uid=1475,,,,,,
1476,uid=1476,5,1,uid=1476,,,,,,
1477,uid=1477,5,1,uid=1477,,,,,,
1478,uid=1478,5,1,uid=1478,,,,,,
1479,uid=1479,5,1,uid=1479,,,,,,
1480,uid=1480,5,1,uid=1480,,,,,,
1481,uid=1481,5,1,uid=1481,,,,,,
1482,uid=1482,5,1,uid=1482,,,,,,
1483,uid=1483,5,1,uid=1483,,,,,,
1484,uid=1484,5,1,uid=1484,,,,,,
1485,uid=1485,5,1,uid=1485,,,,,,
1486,uid=1486,5,1,uid=1486,,,,,,
1487,uid=1487,5,1,uid=1487,,,,,,
1488,uid=1488,5,1,uid=1488,,,,,,
1489,uid=1489,5,1,uid=1489,,,,,,
1490,uid=1490,5,1,uid=1490,,,,,,
1491,uid=1491,5,1,uid=1491,,,,,,
1492,uid=1492,5,1,uid=1492,,,,,,
1493,uid=1493,5,1,uid=1493,,,,,,
1494,uid=1494,5,1,uid=1494,,,,,,
1495,uid=1495,5,1,uid=1495,,,,,,
1496,uid=1496,5,1,uid=1496,,,,,,
1497,uid=1497,5,1,uid=1497,,,,,,
1498,uid=1498,5,1,uid=1498,,,,,,
1499,uid=1499,5,1,uid=1499,,,,,,
1500,uid=1500,5,1,uid=1500,,,,,,
1501,uid=1501,5,1,uid=1501,,,,,,
1502,uid=1502,5,1,uid=1502,,,,,,
1503,uid=1503,5,1,uid=1503,,,,,,
1504,uid=1504,5,1,uid=1504,,,,,,
1505,uid=1505,5,1,uid=1505,,,,,,
1506,uid=1506,5,1,uid=1506,,,,,,
1507,uid=1507,5,1,uid=1507,,,,,,
1508,uid=1508,5,1,uid=1508,,,,,,
1509,uid=1509,5,1,uid=1509,,,,,,
1510,uid=1510,5,1,uid=1510,,,,,,
1511,uid=1511,5,1,uid=1511,,,,,,
1512,uid=1512,5,1,uid=1512,,,,,,
1513,uid=1513,5,1,uid=1513,,,,,,
1514,uid=1514,5,1,uid=1514,,,,,,
1515,uid=1515,5,1,uid=1515,,,,,,
1516,uid=1516,5,1,uid=1516,,,,,,
1517,uid=1517,5,1,uid=1517,,,,,,
1518,uid=1518,5,1,uid=1518,,,,,,
1519,uid=1519,5,1,uid=1519,,,,,,
1520,uid=1520,5,1,uid=1520,,,,,,
1521,uid=1521,5,1,uid=1521,,,,,,
1522,uid=1522,5,1,uid=1522,,,,,,
1523,uid=1523,5,1,uid=1523,,,,,,
1524,uid=1524,5,1,uid=1524,,,,,,
1525,uid=1525,5,1,uid=1525,,,,,,
1526,uid=1526,5,1,uid=1526,,,,,,
1527,uid=1527,5,1,uid=1527,,,,,,
1528,uid=1528,5,1,uid=1528,,,,,,
1529,uid=1529,5,1,uid=1529,,,,,,
1530,uid=1530,5,1,uid=1530,,,,,,
1531,uid=1531,5,1,uid=1531,,,,,,
1532,uid=1532,5,1,uid=1532,,,,,,
1533,uid=1533,5,1,uid=1533,,,,,,
1534,uid=1534,5,1,uid=1534,,,,,,
1535,uid=1535,5,1,uid=1535,,,,,,
1536,uid=1536,5,1,uid=1536,,,,,,
1537,uid=1537,5,1,uid=1537,,,,,,
1538,uid=1538,5,1,uid=1538,,,,,,
1539,uid=1539,5,1,uid=1539,,,,,,
1540,uid=1540,5,1,uid=1540,,,,,,
1541,uid=1541,5,1,uid=1541,,,,,,
1542,uid=1542,5,1,uid=1542,,,,,,
1543,uid=1543,5,1,uid=1543,,,,,,
1544,uid=1544,5,1,uid=1544,,,,,,
1545,uid=1545,5,1,uid=1545,,,,,,
1546,uid=1546,5,1,uid=1546,,,,,,
1547,uid=1547,5,1,uid=1547,,,,,,
1548,uid=1548,5,1,uid=1548,,,,,,
1549,uid=1549,5,1,uid=1549,,,,,,
1550,uid=1550,5,1,uid=1550,,,,,,
1551,uid=1551,5,1,uid=1551,,,,,,
1552,uid=1552,5,1,uid=1552,,,,,,
1553,uid=1553,5,1,uid=1553,,,,,,
1554,uid=1554,5,1,uid=1554,,,,,,
1555,uid=1555,5,1,uid=1555,,,,,,
1556,uid=1556,5,1,uid=1556,,,,,,
1557,uid=1557,5,1,uid=1557,,,,,,
1558,uid=1558,5,1,uid=1558,,,,,,
1559,uid=1559,5,1,uid=1559,,,,,,
1560,uid=1560,5,1,uid=1560,,,,,,
1561,uid=1561,5,1,uid=1561,,,,,,
1562,uid=1562,5,1,uid=1562,,,,,,
10821,Ст1_НТ3_R_1,1,1,uid=1,,,,,,
10822,Ст5_ИП1.2_garmon,5,1,uid=1564,,,,,,
10823,Ст1_ИП1.1_Garm,1,1,uid=1565,,,,,,
